Filename,Mark
1716.jpeg,-1
723.jpeg,-1
1346.jpeg,-1
689.jpeg,-1
373.jpeg,-1
2090.jpeg,-1
2585.jpeg,-1
666.jpeg,-1
1653.jpeg,-1
236.jpeg,-1
1203.jpeg,-1
1829.jpeg,-1
1983.jpeg,-1
47.jpeg,-1
2356.jpeg,-1
1080.jpeg,-1
1595.jpeg,-1
2643.jpeg,-1
959.jpeg,-1
2213.jpeg,-1
2497.jpeg,-1
324.jpeg,-1
1311.jpeg,-1
774.jpeg,-1
1741.jpeg,-1
1254.jpeg,-1
261.jpeg,-1
1604.jpeg,-1
631.jpeg,-1
2478.jpeg,-1
2182.jpeg,-1
2028.jpeg,-1
518.jpeg,-1
1487.jpeg,-1
148.jpeg,-1
10.jpeg,-1
2301.jpeg,-1
1891.jpeg,-1
2244.jpeg,-1
2614.jpeg,-1
1192.jpeg,-1
1468.jpeg,-1
1038.jpeg,-1
298.jpeg,-1
1757.jpeg,-1
762.jpeg,-1
1307.jpeg,-1
332.jpeg,-1
2481.jpeg,-1
2194.jpeg,-1
627.jpeg,-1
1612.jpeg,-1
277.jpeg,-1
1242.jpeg,-1
1868.jpeg,-1
2317.jpeg,-1
1491.jpeg,-1
1184.jpeg,-1
2602.jpeg,-1
918.jpeg,-1
2252.jpeg,-1
1887.jpeg,-1
2086.jpeg,-1
365.jpeg,-1
1350.jpeg,-1
735.jpeg,-1
1700.jpeg,-1
1215.jpeg,-1
220.jpeg,-1
1645.jpeg,-1
670.jpeg,-1
2439.jpeg,-1
2069.jpeg,-1
2593.jpeg,-1
559.jpeg,-1
1096.jpeg,-1
109.jpeg,-1
2340.jpeg,-1
51.jpeg,-1
1995.jpeg,-1
2205.jpeg,-1
2655.jpeg,-1
1429.jpeg,-1
1583.jpeg,-1
1079.jpeg,-1
1794.jpeg,-1
2442.jpeg,-1
2012.jpeg,-1
2507.jpeg,-1
2157.jpeg,-1
1281.jpeg,-1
934.jpeg,-1
1901.jpeg,-1
467.jpeg,-1
1452.jpeg,-1
1002.jpeg,-1
1517.jpeg,-1
522.jpeg,-1
488.jpeg,-1
1147.jpeg,-1
172.jpeg,-1
1844.jpeg,-1
2291.jpeg,-1
871.jpeg,-1
2045.jpeg,-1
2415.jpeg,-1
1393.jpeg,-1
1669.jpeg,-1
1239.jpeg,-1
719.jpeg,-1
349.jpeg,-1
1686.jpeg,-1
2100.jpeg,-1
2550.jpeg,-1
1055.jpeg,-1
1405.jpeg,-1
430.jpeg,-1
1956.jpeg,-1
2679.jpeg,-1
2383.jpeg,-1
92.jpeg,-1
963.jpeg,-1
2229.jpeg,-1
826.jpeg,-1
1813.jpeg,-1
2696.jpeg,-1
125.jpeg,-1
1110.jpeg,-1
575.jpeg,-1
1540.jpeg,-1
1385.jpeg,-1
2403.jpeg,-1
2053.jpeg,-1
2546.jpeg,-1
2116.jpeg,-1
1690.jpeg,-1
975.jpeg,-1
0.jpeg,-1
84.jpeg,-1
2395.jpeg,-1
1940.jpeg,-1
426.jpeg,-1
1413.jpeg,-1
1043.jpeg,-1
1556.jpeg,-1
563.jpeg,-1
1106.jpeg,-1
133.jpeg,-1
2680.jpeg,-1
1805.jpeg,-1
830.jpeg,-1
2004.jpeg,-1
2454.jpeg,-1
1628.jpeg,-1
1782.jpeg,-1
1278.jpeg,-1
1297.jpeg,-1
758.jpeg,-1
308.jpeg,-1
2141.jpeg,-1
2511.jpeg,-1
1014.jpeg,-1
1444.jpeg,-1
471.jpeg,-1
2638.jpeg,-1
1917.jpeg,-1
922.jpeg,-1
2268.jpeg,-1
888.jpeg,-1
867.jpeg,-1
2287.jpeg,-1
1852.jpeg,-1
164.jpeg,-1
1151.jpeg,-1
534.jpeg,-1
1501.jpeg,-1
1576.jpeg,-1
543.jpeg,-1
1126.jpeg,-1
113.jpeg,-1
1825.jpeg,-1
810.jpeg,-1
955.jpeg,-1
1960.jpeg,-1
406.jpeg,-1
1433.jpeg,-1
1599.jpeg,-1
1063.jpeg,-1
2566.jpeg,-1
2136.jpeg,-1
685.jpeg,-1
390.jpeg,-1
2423.jpeg,-1
2073.jpeg,-1
2589.jpeg,-1
847.jpeg,-1
1872.jpeg,-1
144.jpeg,-1
1171.jpeg,-1
514.jpeg,-1
1521.jpeg,-1
1034.jpeg,-1
1464.jpeg,-1
451.jpeg,-1
2618.jpeg,-1
1937.jpeg,-1
902.jpeg,-1
2248.jpeg,-1
282.jpeg,-1
778.jpeg,-1
328.jpeg,-1
2161.jpeg,-1
2531.jpeg,-1
2024.jpeg,-1
2474.jpeg,-1
1608.jpeg,-1
797.jpeg,-1
1258.jpeg,-1
1537.jpeg,-1
502.jpeg,-1
1167.jpeg,-1
152.jpeg,-1
1864.jpeg,-1
851.jpeg,-1
914.jpeg,-1
1921.jpeg,-1
1188.jpeg,-1
447.jpeg,-1
1472.jpeg,-1
1022.jpeg,-1
2527.jpeg,-1
2177.jpeg,-1
294.jpeg,-1
781.jpeg,-1
2462.jpeg,-1
2198.jpeg,-1
2032.jpeg,-1
806.jpeg,-1
1833.jpeg,-1
1999.jpeg,-1
105.jpeg,-1
1130.jpeg,-1
555.jpeg,-1
1560.jpeg,-1
1075.jpeg,-1
1425.jpeg,-1
410.jpeg,-1
1976.jpeg,-1
2659.jpeg,-1
943.jpeg,-1
2209.jpeg,-1
739.jpeg,-1
693.jpeg,-1
369.jpeg,-1
2120.jpeg,-1
2570.jpeg,-1
2065.jpeg,-1
2435.jpeg,-1
1649.jpeg,-1
386.jpeg,-1
1219.jpeg,-1
191.jpeg,-1
2622.jpeg,-1
938.jpeg,-1
2272.jpeg,-1
892.jpeg,-1
1848.jpeg,-1
2337.jpeg,-1
26.jpeg,-1
484.jpeg,-1
607.jpeg,-1
1632.jpeg,-1
1798.jpeg,-1
257.jpeg,-1
1262.jpeg,-1
1777.jpeg,-1
742.jpeg,-1
1327.jpeg,-1
312.jpeg,-1
2225.jpeg,-1
2675.jpeg,-1
1409.jpeg,-1
1059.jpeg,-1
596.jpeg,-1
579.jpeg,-1
129.jpeg,-1
2360.jpeg,-1
71.jpeg,-1
980.jpeg,-1
1235.jpeg,-1
200.jpeg,-1
1665.jpeg,-1
650.jpeg,-1
2419.jpeg,-1
2049.jpeg,-1
345.jpeg,-1
1370.jpeg,-1
715.jpeg,-1
1720.jpeg,-1
580.jpeg,-1
2663.jpeg,-1
88.jpeg,-1
2399.jpeg,-1
979.jpeg,-1
2233.jpeg,-1
1809.jpeg,-1
996.jpeg,-1
67.jpeg,-1
2376.jpeg,-1
646.jpeg,-1
1389.jpeg,-1
1673.jpeg,-1
216.jpeg,-1
1223.jpeg,-1
1736.jpeg,-1
703.jpeg,-1
1366.jpeg,-1
353.jpeg,-1
884.jpeg,-1
2264.jpeg,-1
2634.jpeg,-1
187.jpeg,-1
1448.jpeg,-1
1018.jpeg,-1
538.jpeg,-1
492.jpeg,-1
168.jpeg,-1
30.jpeg,-1
2321.jpeg,-1
1274.jpeg,-1
241.jpeg,-1
1624.jpeg,-1
611.jpeg,-1
2458.jpeg,-1
2008.jpeg,-1
304.jpeg,-1
1331.jpeg,-1
754.jpeg,-1
1761.jpeg,-1
1275.jpeg,-1
240.jpeg,-1
1625.jpeg,-1
610.jpeg,-1
2459.jpeg,-1
2009.jpeg,-1
305.jpeg,-1
1330.jpeg,-1
755.jpeg,-1
1760.jpeg,-1
2265.jpeg,-1
885.jpeg,-1
2635.jpeg,-1
1449.jpeg,-1
186.jpeg,-1
1019.jpeg,-1
539.jpeg,-1
493.jpeg,-1
169.jpeg,-1
31.jpeg,-1
2320.jpeg,-1
1388.jpeg,-1
647.jpeg,-1
1672.jpeg,-1
217.jpeg,-1
1222.jpeg,-1
1737.jpeg,-1
702.jpeg,-1
1367.jpeg,-1
352.jpeg,-1
581.jpeg,-1
2662.jpeg,-1
978.jpeg,-1
89.jpeg,-1
2398.jpeg,-1
2232.jpeg,-1
1808.jpeg,-1
66.jpeg,-1
2377.jpeg,-1
997.jpeg,-1
1234.jpeg,-1
201.jpeg,-1
1664.jpeg,-1
651.jpeg,-1
2418.jpeg,-1
2048.jpeg,-1
344.jpeg,-1
1371.jpeg,-1
714.jpeg,-1
1721.jpeg,-1
2224.jpeg,-1
2674.jpeg,-1
1408.jpeg,-1
597.jpeg,-1
1058.jpeg,-1
578.jpeg,-1
128.jpeg,-1
981.jpeg,-1
2361.jpeg,-1
70.jpeg,-1
606.jpeg,-1
1633.jpeg,-1
256.jpeg,-1
1799.jpeg,-1
1263.jpeg,-1
1776.jpeg,-1
743.jpeg,-1
1326.jpeg,-1
313.jpeg,-1
190.jpeg,-1
2623.jpeg,-1
939.jpeg,-1
893.jpeg,-1
2273.jpeg,-1
1849.jpeg,-1
2336.jpeg,-1
27.jpeg,-1
485.jpeg,-1
738.jpeg,-1
692.jpeg,-1
368.jpeg,-1
2121.jpeg,-1
2571.jpeg,-1
2064.jpeg,-1
2434.jpeg,-1
387.jpeg,-1
1648.jpeg,-1
1218.jpeg,-1
807.jpeg,-1
1832.jpeg,-1
1998.jpeg,-1
104.jpeg,-1
1131.jpeg,-1
554.jpeg,-1
1561.jpeg,-1
1074.jpeg,-1
1424.jpeg,-1
411.jpeg,-1
1977.jpeg,-1
2658.jpeg,-1
942.jpeg,-1
2208.jpeg,-1
2526.jpeg,-1
2176.jpeg,-1
295.jpeg,-1
780.jpeg,-1
2463.jpeg,-1
2199.jpeg,-1
2033.jpeg,-1
1536.jpeg,-1
503.jpeg,-1
1166.jpeg,-1
153.jpeg,-1
1865.jpeg,-1
850.jpeg,-1
915.jpeg,-1
1920.jpeg,-1
446.jpeg,-1
1189.jpeg,-1
1473.jpeg,-1
1023.jpeg,-1
283.jpeg,-1
779.jpeg,-1
329.jpeg,-1
2160.jpeg,-1
2530.jpeg,-1
2025.jpeg,-1
2475.jpeg,-1
1609.jpeg,-1
1259.jpeg,-1
796.jpeg,-1
846.jpeg,-1
1873.jpeg,-1
145.jpeg,-1
1170.jpeg,-1
515.jpeg,-1
1520.jpeg,-1
1035.jpeg,-1
1465.jpeg,-1
450.jpeg,-1
2619.jpeg,-1
1936.jpeg,-1
903.jpeg,-1
2249.jpeg,-1
2567.jpeg,-1
2137.jpeg,-1
684.jpeg,-1
391.jpeg,-1
2422.jpeg,-1
2072.jpeg,-1
2588.jpeg,-1
1577.jpeg,-1
542.jpeg,-1
1127.jpeg,-1
112.jpeg,-1
1824.jpeg,-1
811.jpeg,-1
954.jpeg,-1
1961.jpeg,-1
407.jpeg,-1
1432.jpeg,-1
1598.jpeg,-1
1062.jpeg,-1
1015.jpeg,-1
1445.jpeg,-1
470.jpeg,-1
2639.jpeg,-1
1916.jpeg,-1
923.jpeg,-1
889.jpeg,-1
2269.jpeg,-1
2286.jpeg,-1
866.jpeg,-1
1853.jpeg,-1
165.jpeg,-1
1150.jpeg,-1
535.jpeg,-1
1500.jpeg,-1
2005.jpeg,-1
2455.jpeg,-1
1629.jpeg,-1
1783.jpeg,-1
1279.jpeg,-1
759.jpeg,-1
1296.jpeg,-1
309.jpeg,-1
2140.jpeg,-1
2510.jpeg,-1
85.jpeg,-1
2394.jpeg,-1
1.jpeg,-1
974.jpeg,-1
1941.jpeg,-1
427.jpeg,-1
1412.jpeg,-1
1042.jpeg,-1
1557.jpeg,-1
562.jpeg,-1
1107.jpeg,-1
132.jpeg,-1
2681.jpeg,-1
1804.jpeg,-1
831.jpeg,-1
1384.jpeg,-1
2402.jpeg,-1
2052.jpeg,-1
2547.jpeg,-1
2117.jpeg,-1
1691.jpeg,-1
1054.jpeg,-1
1404.jpeg,-1
431.jpeg,-1
1957.jpeg,-1
2678.jpeg,-1
962.jpeg,-1
2382.jpeg,-1
93.jpeg,-1
2228.jpeg,-1
827.jpeg,-1
1812.jpeg,-1
2697.jpeg,-1
124.jpeg,-1
1111.jpeg,-1
574.jpeg,-1
1541.jpeg,-1
2044.jpeg,-1
2414.jpeg,-1
1392.jpeg,-1
1668.jpeg,-1
1238.jpeg,-1
718.jpeg,-1
1687.jpeg,-1
348.jpeg,-1
2101.jpeg,-1
2551.jpeg,-1
935.jpeg,-1
1900.jpeg,-1
466.jpeg,-1
1453.jpeg,-1
1003.jpeg,-1
1516.jpeg,-1
523.jpeg,-1
1146.jpeg,-1
489.jpeg,-1
173.jpeg,-1
1845.jpeg,-1
870.jpeg,-1
2290.jpeg,-1
1795.jpeg,-1
2443.jpeg,-1
2013.jpeg,-1
2506.jpeg,-1
2156.jpeg,-1
1280.jpeg,-1
1097.jpeg,-1
558.jpeg,-1
108.jpeg,-1
2341.jpeg,-1
50.jpeg,-1
1994.jpeg,-1
2204.jpeg,-1
2654.jpeg,-1
1428.jpeg,-1
1582.jpeg,-1
1078.jpeg,-1
2087.jpeg,-1
364.jpeg,-1
1351.jpeg,-1
734.jpeg,-1
1701.jpeg,-1
1214.jpeg,-1
221.jpeg,-1
1644.jpeg,-1
671.jpeg,-1
2438.jpeg,-1
2068.jpeg,-1
2592.jpeg,-1
1869.jpeg,-1
2316.jpeg,-1
1490.jpeg,-1
1185.jpeg,-1
2603.jpeg,-1
919.jpeg,-1
2253.jpeg,-1
1886.jpeg,-1
1756.jpeg,-1
299.jpeg,-1
763.jpeg,-1
1306.jpeg,-1
333.jpeg,-1
2480.jpeg,-1
2195.jpeg,-1
626.jpeg,-1
1613.jpeg,-1
276.jpeg,-1
1243.jpeg,-1
519.jpeg,-1
149.jpeg,-1
1486.jpeg,-1
11.jpeg,-1
2300.jpeg,-1
1890.jpeg,-1
2245.jpeg,-1
2615.jpeg,-1
1193.jpeg,-1
1469.jpeg,-1
1039.jpeg,-1
2496.jpeg,-1
325.jpeg,-1
1310.jpeg,-1
775.jpeg,-1
1740.jpeg,-1
1255.jpeg,-1
260.jpeg,-1
1605.jpeg,-1
630.jpeg,-1
2479.jpeg,-1
2183.jpeg,-1
2029.jpeg,-1
1828.jpeg,-1
1982.jpeg,-1
46.jpeg,-1
2357.jpeg,-1
1081.jpeg,-1
1594.jpeg,-1
2642.jpeg,-1
958.jpeg,-1
2212.jpeg,-1
1717.jpeg,-1
722.jpeg,-1
688.jpeg,-1
1347.jpeg,-1
372.jpeg,-1
2091.jpeg,-1
2584.jpeg,-1
667.jpeg,-1
1652.jpeg,-1
237.jpeg,-1
1202.jpeg,-1
1989.jpeg,-1
816.jpeg,-1
1823.jpeg,-1
545.jpeg,-1
1570.jpeg,-1
115.jpeg,-1
1120.jpeg,-1
1435.jpeg,-1
400.jpeg,-1
1065.jpeg,-1
2219.jpeg,-1
2649.jpeg,-1
1966.jpeg,-1
953.jpeg,-1
683.jpeg,-1
379.jpeg,-1
729.jpeg,-1
2560.jpeg,-1
2130.jpeg,-1
2425.jpeg,-1
2075.jpeg,-1
1209.jpeg,-1
396.jpeg,-1
1659.jpeg,-1
1177.jpeg,-1
142.jpeg,-1
1527.jpeg,-1
512.jpeg,-1
1874.jpeg,-1
841.jpeg,-1
904.jpeg,-1
1931.jpeg,-1
1032.jpeg,-1
457.jpeg,-1
1198.jpeg,-1
1462.jpeg,-1
2167.jpeg,-1
2537.jpeg,-1
284.jpeg,-1
791.jpeg,-1
2022.jpeg,-1
2472.jpeg,-1
2188.jpeg,-1
857.jpeg,-1
1862.jpeg,-1
504.jpeg,-1
1531.jpeg,-1
154.jpeg,-1
1161.jpeg,-1
1474.jpeg,-1
441.jpeg,-1
1024.jpeg,-1
2258.jpeg,-1
1927.jpeg,-1
2608.jpeg,-1
912.jpeg,-1
338.jpeg,-1
292.jpeg,-1
768.jpeg,-1
2521.jpeg,-1
2171.jpeg,-1
2464.jpeg,-1
2034.jpeg,-1
1248.jpeg,-1
787.jpeg,-1
1618.jpeg,-1
1136.jpeg,-1
103.jpeg,-1
1566.jpeg,-1
553.jpeg,-1
1835.jpeg,-1
800.jpeg,-1
945.jpeg,-1
1970.jpeg,-1
1589.jpeg,-1
1073.jpeg,-1
416.jpeg,-1
1423.jpeg,-1
2126.jpeg,-1
2576.jpeg,-1
695.jpeg,-1
380.jpeg,-1
2063.jpeg,-1
2599.jpeg,-1
2433.jpeg,-1
2624.jpeg,-1
2274.jpeg,-1
894.jpeg,-1
1008.jpeg,-1
1458.jpeg,-1
197.jpeg,-1
482.jpeg,-1
178.jpeg,-1
528.jpeg,-1
2331.jpeg,-1
20.jpeg,-1
1634.jpeg,-1
601.jpeg,-1
1264.jpeg,-1
251.jpeg,-1
2018.jpeg,-1
2448.jpeg,-1
744.jpeg,-1
1771.jpeg,-1
314.jpeg,-1
1321.jpeg,-1
590.jpeg,-1
2223.jpeg,-1
2673.jpeg,-1
969.jpeg,-1
2389.jpeg,-1
98.jpeg,-1
2366.jpeg,-1
77.jpeg,-1
986.jpeg,-1
1819.jpeg,-1
206.jpeg,-1
1233.jpeg,-1
1399.jpeg,-1
656.jpeg,-1
1663.jpeg,-1
1376.jpeg,-1
343.jpeg,-1
1726.jpeg,-1
713.jpeg,-1
2665.jpeg,-1
2235.jpeg,-1
586.jpeg,-1
1049.jpeg,-1
1419.jpeg,-1
139.jpeg,-1
569.jpeg,-1
990.jpeg,-1
61.jpeg,-1
2370.jpeg,-1
1675.jpeg,-1
640.jpeg,-1
1225.jpeg,-1
210.jpeg,-1
2059.jpeg,-1
2409.jpeg,-1
705.jpeg,-1
1730.jpeg,-1
355.jpeg,-1
1360.jpeg,-1
181.jpeg,-1
882.jpeg,-1
2262.jpeg,-1
2632.jpeg,-1
928.jpeg,-1
36.jpeg,-1
2327.jpeg,-1
1858.jpeg,-1
494.jpeg,-1
247.jpeg,-1
1788.jpeg,-1
1272.jpeg,-1
617.jpeg,-1
1622.jpeg,-1
1337.jpeg,-1
302.jpeg,-1
1767.jpeg,-1
752.jpeg,-1
2096.jpeg,-1
725.jpeg,-1
1710.jpeg,-1
375.jpeg,-1
1340.jpeg,-1
1655.jpeg,-1
660.jpeg,-1
1205.jpeg,-1
230.jpeg,-1
2079.jpeg,-1
2583.jpeg,-1
2429.jpeg,-1
119.jpeg,-1
1086.jpeg,-1
549.jpeg,-1
41.jpeg,-1
2350.jpeg,-1
1985.jpeg,-1
2645.jpeg,-1
2215.jpeg,-1
1593.jpeg,-1
1069.jpeg,-1
1439.jpeg,-1
1317.jpeg,-1
322.jpeg,-1
1747.jpeg,-1
288.jpeg,-1
772.jpeg,-1
2491.jpeg,-1
2184.jpeg,-1
267.jpeg,-1
1252.jpeg,-1
637.jpeg,-1
1602.jpeg,-1
16.jpeg,-1
2307.jpeg,-1
1878.jpeg,-1
1481.jpeg,-1
1194.jpeg,-1
2242.jpeg,-1
1897.jpeg,-1
2612.jpeg,-1
908.jpeg,-1
2487.jpeg,-1
764.jpeg,-1
1751.jpeg,-1
334.jpeg,-1
1301.jpeg,-1
1614.jpeg,-1
621.jpeg,-1
1244.jpeg,-1
271.jpeg,-1
2038.jpeg,-1
2468.jpeg,-1
2192.jpeg,-1
158.jpeg,-1
1497.jpeg,-1
508.jpeg,-1
2311.jpeg,-1
2604.jpeg,-1
1881.jpeg,-1
2254.jpeg,-1
1028.jpeg,-1
1182.jpeg,-1
1478.jpeg,-1
699.jpeg,-1
1356.jpeg,-1
363.jpeg,-1
1706.jpeg,-1
733.jpeg,-1
2080.jpeg,-1
2595.jpeg,-1
226.jpeg,-1
1213.jpeg,-1
676.jpeg,-1
1643.jpeg,-1
1993.jpeg,-1
2346.jpeg,-1
57.jpeg,-1
1839.jpeg,-1
1090.jpeg,-1
1585.jpeg,-1
2203.jpeg,-1
2653.jpeg,-1
949.jpeg,-1
2444.jpeg,-1
2014.jpeg,-1
1792.jpeg,-1
1268.jpeg,-1
1638.jpeg,-1
318.jpeg,-1
748.jpeg,-1
1287.jpeg,-1
2501.jpeg,-1
2151.jpeg,-1
1454.jpeg,-1
461.jpeg,-1
1004.jpeg,-1
898.jpeg,-1
2278.jpeg,-1
1907.jpeg,-1
2628.jpeg,-1
932.jpeg,-1
2297.jpeg,-1
877.jpeg,-1
1842.jpeg,-1
524.jpeg,-1
1511.jpeg,-1
174.jpeg,-1
1141.jpeg,-1
1395.jpeg,-1
2043.jpeg,-1
2413.jpeg,-1
2106.jpeg,-1
2556.jpeg,-1
1680.jpeg,-1
2385.jpeg,-1
94.jpeg,-1
965.jpeg,-1
1950.jpeg,-1
1053.jpeg,-1
436.jpeg,-1
1403.jpeg,-1
1116.jpeg,-1
123.jpeg,-1
1546.jpeg,-1
573.jpeg,-1
1815.jpeg,-1
820.jpeg,-1
2690.jpeg,-1
2405.jpeg,-1
2055.jpeg,-1
1229.jpeg,-1
1383.jpeg,-1
1679.jpeg,-1
1696.jpeg,-1
359.jpeg,-1
709.jpeg,-1
2540.jpeg,-1
2110.jpeg,-1
1415.jpeg,-1
420.jpeg,-1
1045.jpeg,-1
2239.jpeg,-1
2669.jpeg,-1
1946.jpeg,-1
973.jpeg,-1
6.jpeg,-1
82.jpeg,-1
2393.jpeg,-1
2686.jpeg,-1
836.jpeg,-1
1803.jpeg,-1
565.jpeg,-1
1550.jpeg,-1
135.jpeg,-1
1100.jpeg,-1
1784.jpeg,-1
2002.jpeg,-1
2452.jpeg,-1
2147.jpeg,-1
2517.jpeg,-1
1291.jpeg,-1
924.jpeg,-1
1911.jpeg,-1
1012.jpeg,-1
477.jpeg,-1
1442.jpeg,-1
1157.jpeg,-1
498.jpeg,-1
162.jpeg,-1
1507.jpeg,-1
532.jpeg,-1
1854.jpeg,-1
861.jpeg,-1
2281.jpeg,-1
925.jpeg,-1
1910.jpeg,-1
1013.jpeg,-1
476.jpeg,-1
1443.jpeg,-1
499.jpeg,-1
1156.jpeg,-1
163.jpeg,-1
1506.jpeg,-1
533.jpeg,-1
1855.jpeg,-1
2280.jpeg,-1
860.jpeg,-1
1785.jpeg,-1
2003.jpeg,-1
2453.jpeg,-1
2146.jpeg,-1
2516.jpeg,-1
1290.jpeg,-1
1414.jpeg,-1
421.jpeg,-1
1044.jpeg,-1
2238.jpeg,-1
2668.jpeg,-1
1947.jpeg,-1
83.jpeg,-1
2392.jpeg,-1
7.jpeg,-1
972.jpeg,-1
2687.jpeg,-1
837.jpeg,-1
1802.jpeg,-1
564.jpeg,-1
1551.jpeg,-1
134.jpeg,-1
1101.jpeg,-1
2404.jpeg,-1
2054.jpeg,-1
1228.jpeg,-1
1382.jpeg,-1
1678.jpeg,-1
358.jpeg,-1
1697.jpeg,-1
708.jpeg,-1
2541.jpeg,-1
2111.jpeg,-1
964.jpeg,-1
2384.jpeg,-1
95.jpeg,-1
1951.jpeg,-1
1052.jpeg,-1
437.jpeg,-1
1402.jpeg,-1
1117.jpeg,-1
122.jpeg,-1
1547.jpeg,-1
572.jpeg,-1
1814.jpeg,-1
821.jpeg,-1
2691.jpeg,-1
1394.jpeg,-1
2042.jpeg,-1
2412.jpeg,-1
2107.jpeg,-1
2557.jpeg,-1
1681.jpeg,-1
1455.jpeg,-1
460.jpeg,-1
1005.jpeg,-1
2279.jpeg,-1
899.jpeg,-1
1906.jpeg,-1
2629.jpeg,-1
933.jpeg,-1
876.jpeg,-1
2296.jpeg,-1
1843.jpeg,-1
525.jpeg,-1
1510.jpeg,-1
175.jpeg,-1
1140.jpeg,-1
2445.jpeg,-1
2015.jpeg,-1
1793.jpeg,-1
1269.jpeg,-1
1639.jpeg,-1
319.jpeg,-1
1286.jpeg,-1
749.jpeg,-1
2500.jpeg,-1
2150.jpeg,-1
1992.jpeg,-1
2347.jpeg,-1
56.jpeg,-1
1838.jpeg,-1
1091.jpeg,-1
1584.jpeg,-1
2202.jpeg,-1
2652.jpeg,-1
948.jpeg,-1
1357.jpeg,-1
698.jpeg,-1
362.jpeg,-1
1707.jpeg,-1
732.jpeg,-1
2081.jpeg,-1
2594.jpeg,-1
227.jpeg,-1
1212.jpeg,-1
677.jpeg,-1
1642.jpeg,-1
1496.jpeg,-1
159.jpeg,-1
509.jpeg,-1
2310.jpeg,-1
2605.jpeg,-1
1880.jpeg,-1
2255.jpeg,-1
1029.jpeg,-1
1183.jpeg,-1
1479.jpeg,-1
2486.jpeg,-1
765.jpeg,-1
1750.jpeg,-1
335.jpeg,-1
1300.jpeg,-1
1615.jpeg,-1
620.jpeg,-1
1245.jpeg,-1
270.jpeg,-1
2039.jpeg,-1
2469.jpeg,-1
2193.jpeg,-1
17.jpeg,-1
2306.jpeg,-1
1879.jpeg,-1
1480.jpeg,-1
1195.jpeg,-1
2243.jpeg,-1
1896.jpeg,-1
2613.jpeg,-1
909.jpeg,-1
1316.jpeg,-1
323.jpeg,-1
289.jpeg,-1
1746.jpeg,-1
773.jpeg,-1
2490.jpeg,-1
2185.jpeg,-1
266.jpeg,-1
1253.jpeg,-1
636.jpeg,-1
1603.jpeg,-1
118.jpeg,-1
548.jpeg,-1
1087.jpeg,-1
40.jpeg,-1
2351.jpeg,-1
1984.jpeg,-1
2644.jpeg,-1
2214.jpeg,-1
1592.jpeg,-1
1068.jpeg,-1
1438.jpeg,-1
2097.jpeg,-1
724.jpeg,-1
1711.jpeg,-1
374.jpeg,-1
1341.jpeg,-1
1654.jpeg,-1
661.jpeg,-1
1204.jpeg,-1
231.jpeg,-1
2078.jpeg,-1
2582.jpeg,-1
2428.jpeg,-1
1789.jpeg,-1
246.jpeg,-1
1273.jpeg,-1
616.jpeg,-1
1623.jpeg,-1
1336.jpeg,-1
303.jpeg,-1
1766.jpeg,-1
753.jpeg,-1
180.jpeg,-1
2263.jpeg,-1
883.jpeg,-1
2633.jpeg,-1
929.jpeg,-1
37.jpeg,-1
2326.jpeg,-1
1859.jpeg,-1
495.jpeg,-1
1674.jpeg,-1
641.jpeg,-1
1224.jpeg,-1
211.jpeg,-1
2058.jpeg,-1
2408.jpeg,-1
704.jpeg,-1
1731.jpeg,-1
354.jpeg,-1
1361.jpeg,-1
2664.jpeg,-1
2234.jpeg,-1
1048.jpeg,-1
587.jpeg,-1
1418.jpeg,-1
138.jpeg,-1
568.jpeg,-1
60.jpeg,-1
2371.jpeg,-1
991.jpeg,-1
207.jpeg,-1
1232.jpeg,-1
657.jpeg,-1
1398.jpeg,-1
1662.jpeg,-1
1377.jpeg,-1
342.jpeg,-1
1727.jpeg,-1
712.jpeg,-1
591.jpeg,-1
2222.jpeg,-1
2672.jpeg,-1
2388.jpeg,-1
99.jpeg,-1
968.jpeg,-1
987.jpeg,-1
2367.jpeg,-1
76.jpeg,-1
1818.jpeg,-1
1635.jpeg,-1
600.jpeg,-1
1265.jpeg,-1
250.jpeg,-1
2019.jpeg,-1
2449.jpeg,-1
745.jpeg,-1
1770.jpeg,-1
315.jpeg,-1
1320.jpeg,-1
2625.jpeg,-1
895.jpeg,-1
2275.jpeg,-1
1009.jpeg,-1
196.jpeg,-1
1459.jpeg,-1
483.jpeg,-1
179.jpeg,-1
529.jpeg,-1
2330.jpeg,-1
21.jpeg,-1
2127.jpeg,-1
2577.jpeg,-1
694.jpeg,-1
381.jpeg,-1
2062.jpeg,-1
2598.jpeg,-1
2432.jpeg,-1
1137.jpeg,-1
102.jpeg,-1
1567.jpeg,-1
552.jpeg,-1
1834.jpeg,-1
801.jpeg,-1
944.jpeg,-1
1971.jpeg,-1
1588.jpeg,-1
1072.jpeg,-1
417.jpeg,-1
1422.jpeg,-1
339.jpeg,-1
293.jpeg,-1
769.jpeg,-1
2520.jpeg,-1
2170.jpeg,-1
2465.jpeg,-1
2035.jpeg,-1
786.jpeg,-1
1249.jpeg,-1
1619.jpeg,-1
856.jpeg,-1
1863.jpeg,-1
505.jpeg,-1
1530.jpeg,-1
155.jpeg,-1
1160.jpeg,-1
1475.jpeg,-1
440.jpeg,-1
1025.jpeg,-1
2259.jpeg,-1
1926.jpeg,-1
2609.jpeg,-1
913.jpeg,-1
2166.jpeg,-1
2536.jpeg,-1
285.jpeg,-1
790.jpeg,-1
2023.jpeg,-1
2473.jpeg,-1
2189.jpeg,-1
1176.jpeg,-1
143.jpeg,-1
1526.jpeg,-1
513.jpeg,-1
1875.jpeg,-1
840.jpeg,-1
905.jpeg,-1
1930.jpeg,-1
1033.jpeg,-1
1199.jpeg,-1
456.jpeg,-1
1463.jpeg,-1
682.jpeg,-1
378.jpeg,-1
728.jpeg,-1
2561.jpeg,-1
2131.jpeg,-1
2424.jpeg,-1
2074.jpeg,-1
1208.jpeg,-1
1658.jpeg,-1
397.jpeg,-1
1988.jpeg,-1
817.jpeg,-1
1822.jpeg,-1
544.jpeg,-1
1571.jpeg,-1
114.jpeg,-1
1121.jpeg,-1
1434.jpeg,-1
401.jpeg,-1
1064.jpeg,-1
2218.jpeg,-1
2648.jpeg,-1
1967.jpeg,-1
952.jpeg,-1
2519.jpeg,-1
2149.jpeg,-1
1335.jpeg,-1
300.jpeg,-1
1765.jpeg,-1
750.jpeg,-1
245.jpeg,-1
1270.jpeg,-1
615.jpeg,-1
1620.jpeg,-1
1509.jpeg,-1
1159.jpeg,-1
496.jpeg,-1
2325.jpeg,-1
34.jpeg,-1
2260.jpeg,-1
880.jpeg,-1
2630.jpeg,-1
183.jpeg,-1
479.jpeg,-1
707.jpeg,-1
1732.jpeg,-1
1698.jpeg,-1
357.jpeg,-1
1362.jpeg,-1
1677.jpeg,-1
642.jpeg,-1
1227.jpeg,-1
212.jpeg,-1
838.jpeg,-1
2372.jpeg,-1
63.jpeg,-1
992.jpeg,-1
2688.jpeg,-1
584.jpeg,-1
8.jpeg,-1
1948.jpeg,-1
2667.jpeg,-1
2237.jpeg,-1
2558.jpeg,-1
2108.jpeg,-1
1374.jpeg,-1
341.jpeg,-1
1724.jpeg,-1
711.jpeg,-1
204.jpeg,-1
1231.jpeg,-1
654.jpeg,-1
1661.jpeg,-1
1548.jpeg,-1
1118.jpeg,-1
984.jpeg,-1
75.jpeg,-1
2364.jpeg,-1
2221.jpeg,-1
2671.jpeg,-1
438.jpeg,-1
592.jpeg,-1
746.jpeg,-1
1289.jpeg,-1
1773.jpeg,-1
316.jpeg,-1
1323.jpeg,-1
1636.jpeg,-1
603.jpeg,-1
1266.jpeg,-1
253.jpeg,-1
2299.jpeg,-1
879.jpeg,-1
22.jpeg,-1
2333.jpeg,-1
480.jpeg,-1
195.jpeg,-1
2626.jpeg,-1
1909.jpeg,-1
896.jpeg,-1
2276.jpeg,-1
2061.jpeg,-1
2431.jpeg,-1
382.jpeg,-1
678.jpeg,-1
228.jpeg,-1
1708.jpeg,-1
697.jpeg,-1
1358.jpeg,-1
2124.jpeg,-1
2574.jpeg,-1
1071.jpeg,-1
414.jpeg,-1
1421.jpeg,-1
947.jpeg,-1
1972.jpeg,-1
1837.jpeg,-1
802.jpeg,-1
59.jpeg,-1
2348.jpeg,-1
1134.jpeg,-1
101.jpeg,-1
1564.jpeg,-1
551.jpeg,-1
785.jpeg,-1
2466.jpeg,-1
2036.jpeg,-1
2523.jpeg,-1
2173.jpeg,-1
2489.jpeg,-1
290.jpeg,-1
1925.jpeg,-1
910.jpeg,-1
1476.jpeg,-1
443.jpeg,-1
1026.jpeg,-1
506.jpeg,-1
1533.jpeg,-1
156.jpeg,-1
1499.jpeg,-1
1163.jpeg,-1
855.jpeg,-1
1860.jpeg,-1
2020.jpeg,-1
2470.jpeg,-1
639.jpeg,-1
793.jpeg,-1
269.jpeg,-1
1749.jpeg,-1
286.jpeg,-1
1319.jpeg,-1
2165.jpeg,-1
2535.jpeg,-1
1030.jpeg,-1
455.jpeg,-1
1460.jpeg,-1
906.jpeg,-1
1933.jpeg,-1
1899.jpeg,-1
1876.jpeg,-1
843.jpeg,-1
2309.jpeg,-1
18.jpeg,-1
1175.jpeg,-1
140.jpeg,-1
1525.jpeg,-1
510.jpeg,-1
394.jpeg,-1
2427.jpeg,-1
2077.jpeg,-1
2562.jpeg,-1
2098.jpeg,-1
2132.jpeg,-1
681.jpeg,-1
1964.jpeg,-1
951.jpeg,-1
1437.jpeg,-1
402.jpeg,-1
1067.jpeg,-1
1088.jpeg,-1
547.jpeg,-1
1572.jpeg,-1
117.jpeg,-1
1122.jpeg,-1
814.jpeg,-1
1821.jpeg,-1
1856.jpeg,-1
2283.jpeg,-1
863.jpeg,-1
2329.jpeg,-1
38.jpeg,-1
1155.jpeg,-1
160.jpeg,-1
1505.jpeg,-1
530.jpeg,-1
1010.jpeg,-1
475.jpeg,-1
1440.jpeg,-1
926.jpeg,-1
1913.jpeg,-1
1293.jpeg,-1
1769.jpeg,-1
1339.jpeg,-1
2145.jpeg,-1
2515.jpeg,-1
2000.jpeg,-1
2450.jpeg,-1
619.jpeg,-1
249.jpeg,-1
1786.jpeg,-1
567.jpeg,-1
1552.jpeg,-1
137.jpeg,-1
1102.jpeg,-1
2684.jpeg,-1
834.jpeg,-1
1801.jpeg,-1
1944.jpeg,-1
2391.jpeg,-1
80.jpeg,-1
4.jpeg,-1
971.jpeg,-1
1417.jpeg,-1
422.jpeg,-1
588.jpeg,-1
1047.jpeg,-1
2542.jpeg,-1
2112.jpeg,-1
1694.jpeg,-1
1381.jpeg,-1
2407.jpeg,-1
2057.jpeg,-1
1817.jpeg,-1
822.jpeg,-1
79.jpeg,-1
2368.jpeg,-1
988.jpeg,-1
2692.jpeg,-1
1114.jpeg,-1
121.jpeg,-1
1544.jpeg,-1
571.jpeg,-1
1051.jpeg,-1
434.jpeg,-1
1401.jpeg,-1
967.jpeg,-1
96.jpeg,-1
2387.jpeg,-1
1952.jpeg,-1
1728.jpeg,-1
1682.jpeg,-1
1378.jpeg,-1
2104.jpeg,-1
2554.jpeg,-1
2041.jpeg,-1
2411.jpeg,-1
1397.jpeg,-1
658.jpeg,-1
208.jpeg,-1
526.jpeg,-1
1513.jpeg,-1
176.jpeg,-1
1143.jpeg,-1
875.jpeg,-1
2295.jpeg,-1
1840.jpeg,-1
1905.jpeg,-1
930.jpeg,-1
1456.jpeg,-1
199.jpeg,-1
463.jpeg,-1
1006.jpeg,-1
2503.jpeg,-1
2153.jpeg,-1
1285.jpeg,-1
1790.jpeg,-1
2446.jpeg,-1
2016.jpeg,-1
2201.jpeg,-1
2651.jpeg,-1
418.jpeg,-1
1587.jpeg,-1
1092.jpeg,-1
1568.jpeg,-1
1138.jpeg,-1
1991.jpeg,-1
55.jpeg,-1
2344.jpeg,-1
224.jpeg,-1
1211.jpeg,-1
674.jpeg,-1
1641.jpeg,-1
2597.jpeg,-1
2578.jpeg,-1
2082.jpeg,-1
2128.jpeg,-1
1354.jpeg,-1
361.jpeg,-1
1704.jpeg,-1
731.jpeg,-1
1180.jpeg,-1
2606.jpeg,-1
1929.jpeg,-1
1883.jpeg,-1
2256.jpeg,-1
859.jpeg,-1
2313.jpeg,-1
1495.jpeg,-1
2190.jpeg,-1
1616.jpeg,-1
623.jpeg,-1
1246.jpeg,-1
789.jpeg,-1
273.jpeg,-1
766.jpeg,-1
1753.jpeg,-1
336.jpeg,-1
1303.jpeg,-1
2485.jpeg,-1
2240.jpeg,-1
1895.jpeg,-1
2610.jpeg,-1
459.jpeg,-1
1196.jpeg,-1
1529.jpeg,-1
1483.jpeg,-1
1179.jpeg,-1
2305.jpeg,-1
14.jpeg,-1
265.jpeg,-1
1250.jpeg,-1
635.jpeg,-1
1600.jpeg,-1
2186.jpeg,-1
2539.jpeg,-1
2169.jpeg,-1
2493.jpeg,-1
1315.jpeg,-1
320.jpeg,-1
1745.jpeg,-1
770.jpeg,-1
1591.jpeg,-1
1968.jpeg,-1
2647.jpeg,-1
2217.jpeg,-1
818.jpeg,-1
2352.jpeg,-1
43.jpeg,-1
1987.jpeg,-1
1084.jpeg,-1
2581.jpeg,-1
398.jpeg,-1
1657.jpeg,-1
662.jpeg,-1
1207.jpeg,-1
232.jpeg,-1
727.jpeg,-1
1712.jpeg,-1
377.jpeg,-1
1342.jpeg,-1
2094.jpeg,-1
2580.jpeg,-1
1656.jpeg,-1
399.jpeg,-1
663.jpeg,-1
1206.jpeg,-1
233.jpeg,-1
726.jpeg,-1
1713.jpeg,-1
376.jpeg,-1
1343.jpeg,-1
2095.jpeg,-1
1590.jpeg,-1
1969.jpeg,-1
2646.jpeg,-1
2216.jpeg,-1
819.jpeg,-1
2353.jpeg,-1
42.jpeg,-1
1986.jpeg,-1
1085.jpeg,-1
264.jpeg,-1
1251.jpeg,-1
634.jpeg,-1
1601.jpeg,-1
2187.jpeg,-1
2538.jpeg,-1
2168.jpeg,-1
2492.jpeg,-1
1314.jpeg,-1
321.jpeg,-1
1744.jpeg,-1
771.jpeg,-1
2241.jpeg,-1
1894.jpeg,-1
2611.jpeg,-1
1197.jpeg,-1
458.jpeg,-1
1528.jpeg,-1
1482.jpeg,-1
1178.jpeg,-1
2304.jpeg,-1
15.jpeg,-1
2191.jpeg,-1
1617.jpeg,-1
622.jpeg,-1
788.jpeg,-1
1247.jpeg,-1
272.jpeg,-1
767.jpeg,-1
1752.jpeg,-1
337.jpeg,-1
1302.jpeg,-1
2484.jpeg,-1
1181.jpeg,-1
2607.jpeg,-1
1928.jpeg,-1
1882.jpeg,-1
2257.jpeg,-1
858.jpeg,-1
2312.jpeg,-1
1494.jpeg,-1
225.jpeg,-1
1210.jpeg,-1
675.jpeg,-1
1640.jpeg,-1
2596.jpeg,-1
2579.jpeg,-1
2083.jpeg,-1
2129.jpeg,-1
1355.jpeg,-1
360.jpeg,-1
1705.jpeg,-1
730.jpeg,-1
2200.jpeg,-1
2650.jpeg,-1
419.jpeg,-1
1586.jpeg,-1
1093.jpeg,-1
1569.jpeg,-1
1139.jpeg,-1
1990.jpeg,-1
54.jpeg,-1
2345.jpeg,-1
2502.jpeg,-1
2152.jpeg,-1
1284.jpeg,-1
1791.jpeg,-1
2447.jpeg,-1
2017.jpeg,-1
527.jpeg,-1
1512.jpeg,-1
177.jpeg,-1
1142.jpeg,-1
2294.jpeg,-1
874.jpeg,-1
1841.jpeg,-1
1904.jpeg,-1
931.jpeg,-1
198.jpeg,-1
1457.jpeg,-1
462.jpeg,-1
1007.jpeg,-1
1729.jpeg,-1
1683.jpeg,-1
1379.jpeg,-1
2105.jpeg,-1
2555.jpeg,-1
2040.jpeg,-1
2410.jpeg,-1
659.jpeg,-1
1396.jpeg,-1
209.jpeg,-1
1816.jpeg,-1
823.jpeg,-1
989.jpeg,-1
78.jpeg,-1
2369.jpeg,-1
2693.jpeg,-1
1115.jpeg,-1
120.jpeg,-1
1545.jpeg,-1
570.jpeg,-1
1050.jpeg,-1
435.jpeg,-1
1400.jpeg,-1
97.jpeg,-1
2386.jpeg,-1
966.jpeg,-1
1953.jpeg,-1
2543.jpeg,-1
2113.jpeg,-1
1695.jpeg,-1
1380.jpeg,-1
2406.jpeg,-1
2056.jpeg,-1
566.jpeg,-1
1553.jpeg,-1
136.jpeg,-1
1103.jpeg,-1
2685.jpeg,-1
835.jpeg,-1
1800.jpeg,-1
1945.jpeg,-1
970.jpeg,-1
5.jpeg,-1
2390.jpeg,-1
81.jpeg,-1
1416.jpeg,-1
423.jpeg,-1
1046.jpeg,-1
589.jpeg,-1
1292.jpeg,-1
1768.jpeg,-1
1338.jpeg,-1
2144.jpeg,-1
2514.jpeg,-1
2001.jpeg,-1
2451.jpeg,-1
618.jpeg,-1
1787.jpeg,-1
248.jpeg,-1
1857.jpeg,-1
862.jpeg,-1
2282.jpeg,-1
2328.jpeg,-1
39.jpeg,-1
1154.jpeg,-1
161.jpeg,-1
1504.jpeg,-1
531.jpeg,-1
1011.jpeg,-1
474.jpeg,-1
1441.jpeg,-1
927.jpeg,-1
1912.jpeg,-1
1965.jpeg,-1
950.jpeg,-1
1436.jpeg,-1
403.jpeg,-1
1066.jpeg,-1
546.jpeg,-1
1089.jpeg,-1
1573.jpeg,-1
116.jpeg,-1
1123.jpeg,-1
815.jpeg,-1
1820.jpeg,-1
395.jpeg,-1
2426.jpeg,-1
2076.jpeg,-1
2563.jpeg,-1
2099.jpeg,-1
2133.jpeg,-1
680.jpeg,-1
1031.jpeg,-1
454.jpeg,-1
1461.jpeg,-1
907.jpeg,-1
1932.jpeg,-1
1898.jpeg,-1
1877.jpeg,-1
842.jpeg,-1
2308.jpeg,-1
19.jpeg,-1
1174.jpeg,-1
141.jpeg,-1
1524.jpeg,-1
511.jpeg,-1
2021.jpeg,-1
2471.jpeg,-1
638.jpeg,-1
792.jpeg,-1
268.jpeg,-1
287.jpeg,-1
1748.jpeg,-1
1318.jpeg,-1
2164.jpeg,-1
2534.jpeg,-1
1924.jpeg,-1
911.jpeg,-1
1477.jpeg,-1
442.jpeg,-1
1027.jpeg,-1
507.jpeg,-1
1532.jpeg,-1
1498.jpeg,-1
157.jpeg,-1
1162.jpeg,-1
854.jpeg,-1
1861.jpeg,-1
784.jpeg,-1
2467.jpeg,-1
2037.jpeg,-1
2522.jpeg,-1
2172.jpeg,-1
2488.jpeg,-1
291.jpeg,-1
1070.jpeg,-1
415.jpeg,-1
1420.jpeg,-1
946.jpeg,-1
1973.jpeg,-1
1836.jpeg,-1
803.jpeg,-1
58.jpeg,-1
2349.jpeg,-1
1135.jpeg,-1
100.jpeg,-1
1565.jpeg,-1
550.jpeg,-1
2060.jpeg,-1
2430.jpeg,-1
383.jpeg,-1
679.jpeg,-1
229.jpeg,-1
1709.jpeg,-1
1359.jpeg,-1
696.jpeg,-1
2125.jpeg,-1
2575.jpeg,-1
878.jpeg,-1
2298.jpeg,-1
23.jpeg,-1
2332.jpeg,-1
481.jpeg,-1
194.jpeg,-1
2627.jpeg,-1
1908.jpeg,-1
2277.jpeg,-1
897.jpeg,-1
1288.jpeg,-1
747.jpeg,-1
1772.jpeg,-1
317.jpeg,-1
1322.jpeg,-1
1637.jpeg,-1
602.jpeg,-1
1267.jpeg,-1
252.jpeg,-1
1549.jpeg,-1
1119.jpeg,-1
74.jpeg,-1
2365.jpeg,-1
985.jpeg,-1
2220.jpeg,-1
2670.jpeg,-1
439.jpeg,-1
593.jpeg,-1
2559.jpeg,-1
2109.jpeg,-1
1375.jpeg,-1
340.jpeg,-1
1725.jpeg,-1
710.jpeg,-1
205.jpeg,-1
1230.jpeg,-1
655.jpeg,-1
1660.jpeg,-1
839.jpeg,-1
993.jpeg,-1
2373.jpeg,-1
62.jpeg,-1
2689.jpeg,-1
585.jpeg,-1
9.jpeg,-1
1949.jpeg,-1
2666.jpeg,-1
2236.jpeg,-1
706.jpeg,-1
1733.jpeg,-1
356.jpeg,-1
1699.jpeg,-1
1363.jpeg,-1
1676.jpeg,-1
643.jpeg,-1
1226.jpeg,-1
213.jpeg,-1
1508.jpeg,-1
497.jpeg,-1
1158.jpeg,-1
2324.jpeg,-1
35.jpeg,-1
881.jpeg,-1
2261.jpeg,-1
2631.jpeg,-1
182.jpeg,-1
478.jpeg,-1
2518.jpeg,-1
2148.jpeg,-1
1334.jpeg,-1
301.jpeg,-1
1764.jpeg,-1
751.jpeg,-1
244.jpeg,-1
1271.jpeg,-1
614.jpeg,-1
1621.jpeg,-1
166.jpeg,-1
1153.jpeg,-1
536.jpeg,-1
1503.jpeg,-1
2285.jpeg,-1
865.jpeg,-1
1850.jpeg,-1
1915.jpeg,-1
920.jpeg,-1
1016.jpeg,-1
189.jpeg,-1
1446.jpeg,-1
473.jpeg,-1
2143.jpeg,-1
2513.jpeg,-1
1295.jpeg,-1
1780.jpeg,-1
2006.jpeg,-1
2456.jpeg,-1
998.jpeg,-1
2378.jpeg,-1
69.jpeg,-1
2682.jpeg,-1
1807.jpeg,-1
832.jpeg,-1
1554.jpeg,-1
561.jpeg,-1
1104.jpeg,-1
131.jpeg,-1
424.jpeg,-1
1411.jpeg,-1
1041.jpeg,-1
2397.jpeg,-1
86.jpeg,-1
2.jpeg,-1
977.jpeg,-1
1942.jpeg,-1
1692.jpeg,-1
1368.jpeg,-1
1738.jpeg,-1
2544.jpeg,-1
2114.jpeg,-1
2401.jpeg,-1
2051.jpeg,-1
218.jpeg,-1
648.jpeg,-1
1387.jpeg,-1
127.jpeg,-1
1112.jpeg,-1
577.jpeg,-1
1542.jpeg,-1
824.jpeg,-1
1811.jpeg,-1
2694.jpeg,-1
1954.jpeg,-1
961.jpeg,-1
90.jpeg,-1
2381.jpeg,-1
1057.jpeg,-1
598.jpeg,-1
1407.jpeg,-1
432.jpeg,-1
2102.jpeg,-1
2552.jpeg,-1
1684.jpeg,-1
1391.jpeg,-1
2047.jpeg,-1
2417.jpeg,-1
28.jpeg,-1
2339.jpeg,-1
1846.jpeg,-1
873.jpeg,-1
2293.jpeg,-1
1515.jpeg,-1
520.jpeg,-1
1145.jpeg,-1
170.jpeg,-1
465.jpeg,-1
1450.jpeg,-1
1000.jpeg,-1
936.jpeg,-1
1903.jpeg,-1
1329.jpeg,-1
1283.jpeg,-1
1779.jpeg,-1
2505.jpeg,-1
2155.jpeg,-1
2440.jpeg,-1
2010.jpeg,-1
1796.jpeg,-1
259.jpeg,-1
609.jpeg,-1
1581.jpeg,-1
2207.jpeg,-1
2657.jpeg,-1
1978.jpeg,-1
53.jpeg,-1
2342.jpeg,-1
1997.jpeg,-1
808.jpeg,-1
1094.jpeg,-1
2591.jpeg,-1
1217.jpeg,-1
222.jpeg,-1
1647.jpeg,-1
388.jpeg,-1
672.jpeg,-1
367.jpeg,-1
1352.jpeg,-1
737.jpeg,-1
1702.jpeg,-1
2084.jpeg,-1
2600.jpeg,-1
2250.jpeg,-1
1885.jpeg,-1
1186.jpeg,-1
449.jpeg,-1
1493.jpeg,-1
1169.jpeg,-1
1539.jpeg,-1
2315.jpeg,-1
625.jpeg,-1
1610.jpeg,-1
275.jpeg,-1
1240.jpeg,-1
2196.jpeg,-1
2179.jpeg,-1
2483.jpeg,-1
2529.jpeg,-1
1755.jpeg,-1
760.jpeg,-1
1305.jpeg,-1
330.jpeg,-1
1190.jpeg,-1
1893.jpeg,-1
2246.jpeg,-1
1939.jpeg,-1
2616.jpeg,-1
2303.jpeg,-1
12.jpeg,-1
849.jpeg,-1
1485.jpeg,-1
2180.jpeg,-1
799.jpeg,-1
1256.jpeg,-1
263.jpeg,-1
1606.jpeg,-1
633.jpeg,-1
326.jpeg,-1
1313.jpeg,-1
776.jpeg,-1
1743.jpeg,-1
2495.jpeg,-1
2641.jpeg,-1
2211.jpeg,-1
1597.jpeg,-1
408.jpeg,-1
1128.jpeg,-1
1082.jpeg,-1
1578.jpeg,-1
1981.jpeg,-1
2354.jpeg,-1
45.jpeg,-1
664.jpeg,-1
1651.jpeg,-1
234.jpeg,-1
1201.jpeg,-1
2587.jpeg,-1
2138.jpeg,-1
2568.jpeg,-1
2092.jpeg,-1
1714.jpeg,-1
721.jpeg,-1
1344.jpeg,-1
371.jpeg,-1
306.jpeg,-1
1333.jpeg,-1
1299.jpeg,-1
756.jpeg,-1
1763.jpeg,-1
1276.jpeg,-1
243.jpeg,-1
1626.jpeg,-1
613.jpeg,-1
2323.jpeg,-1
32.jpeg,-1
869.jpeg,-1
2289.jpeg,-1
490.jpeg,-1
185.jpeg,-1
2266.jpeg,-1
886.jpeg,-1
1919.jpeg,-1
2636.jpeg,-1
2118.jpeg,-1
2548.jpeg,-1
1734.jpeg,-1
701.jpeg,-1
1364.jpeg,-1
351.jpeg,-1
644.jpeg,-1
1671.jpeg,-1
214.jpeg,-1
1221.jpeg,-1
1108.jpeg,-1
1558.jpeg,-1
2374.jpeg,-1
65.jpeg,-1
994.jpeg,-1
2661.jpeg,-1
2231.jpeg,-1
582.jpeg,-1
428.jpeg,-1
347.jpeg,-1
1688.jpeg,-1
1372.jpeg,-1
717.jpeg,-1
1722.jpeg,-1
1237.jpeg,-1
202.jpeg,-1
1667.jpeg,-1
652.jpeg,-1
982.jpeg,-1
73.jpeg,-1
2362.jpeg,-1
828.jpeg,-1
594.jpeg,-1
2227.jpeg,-1
2677.jpeg,-1
1958.jpeg,-1
2159.jpeg,-1
2509.jpeg,-1
1775.jpeg,-1
740.jpeg,-1
1325.jpeg,-1
310.jpeg,-1
605.jpeg,-1
1630.jpeg,-1
255.jpeg,-1
1260.jpeg,-1
486.jpeg,-1
1149.jpeg,-1
1519.jpeg,-1
24.jpeg,-1
2335.jpeg,-1
2620.jpeg,-1
890.jpeg,-1
2270.jpeg,-1
193.jpeg,-1
469.jpeg,-1
384.jpeg,-1
2067.jpeg,-1
2437.jpeg,-1
2122.jpeg,-1
2572.jpeg,-1
2088.jpeg,-1
691.jpeg,-1
1974.jpeg,-1
941.jpeg,-1
1077.jpeg,-1
1427.jpeg,-1
412.jpeg,-1
107.jpeg,-1
1132.jpeg,-1
557.jpeg,-1
1098.jpeg,-1
1562.jpeg,-1
804.jpeg,-1
1831.jpeg,-1
2460.jpeg,-1
2030.jpeg,-1
783.jpeg,-1
279.jpeg,-1
629.jpeg,-1
1309.jpeg,-1
296.jpeg,-1
1759.jpeg,-1
2525.jpeg,-1
2175.jpeg,-1
445.jpeg,-1
1470.jpeg,-1
1020.jpeg,-1
1889.jpeg,-1
916.jpeg,-1
1923.jpeg,-1
2319.jpeg,-1
1866.jpeg,-1
853.jpeg,-1
1535.jpeg,-1
500.jpeg,-1
1165.jpeg,-1
150.jpeg,-1
795.jpeg,-1
2026.jpeg,-1
2476.jpeg,-1
2163.jpeg,-1
2499.jpeg,-1
2533.jpeg,-1
280.jpeg,-1
1935.jpeg,-1
900.jpeg,-1
1036.jpeg,-1
1466.jpeg,-1
453.jpeg,-1
1489.jpeg,-1
146.jpeg,-1
1173.jpeg,-1
516.jpeg,-1
1523.jpeg,-1
845.jpeg,-1
1870.jpeg,-1
2421.jpeg,-1
2071.jpeg,-1
238.jpeg,-1
392.jpeg,-1
668.jpeg,-1
1348.jpeg,-1
687.jpeg,-1
1718.jpeg,-1
2564.jpeg,-1
2134.jpeg,-1
404.jpeg,-1
1431.jpeg,-1
1061.jpeg,-1
957.jpeg,-1
1962.jpeg,-1
2358.jpeg,-1
49.jpeg,-1
1827.jpeg,-1
812.jpeg,-1
1574.jpeg,-1
541.jpeg,-1
1124.jpeg,-1
111.jpeg,-1
405.jpeg,-1
1430.jpeg,-1
1060.jpeg,-1
956.jpeg,-1
1963.jpeg,-1
2359.jpeg,-1
48.jpeg,-1
1826.jpeg,-1
813.jpeg,-1
1575.jpeg,-1
540.jpeg,-1
1125.jpeg,-1
110.jpeg,-1
2420.jpeg,-1
2070.jpeg,-1
239.jpeg,-1
393.jpeg,-1
669.jpeg,-1
686.jpeg,-1
1349.jpeg,-1
1719.jpeg,-1
2565.jpeg,-1
2135.jpeg,-1
1934.jpeg,-1
901.jpeg,-1
1037.jpeg,-1
1467.jpeg,-1
452.jpeg,-1
147.jpeg,-1
1488.jpeg,-1
1172.jpeg,-1
517.jpeg,-1
1522.jpeg,-1
844.jpeg,-1
1871.jpeg,-1
794.jpeg,-1
2027.jpeg,-1
2477.jpeg,-1
2162.jpeg,-1
2498.jpeg,-1
2532.jpeg,-1
281.jpeg,-1
444.jpeg,-1
1471.jpeg,-1
1021.jpeg,-1
1888.jpeg,-1
917.jpeg,-1
1922.jpeg,-1
2318.jpeg,-1
1867.jpeg,-1
852.jpeg,-1
1534.jpeg,-1
501.jpeg,-1
1164.jpeg,-1
151.jpeg,-1
2461.jpeg,-1
2031.jpeg,-1
782.jpeg,-1
278.jpeg,-1
628.jpeg,-1
1308.jpeg,-1
1758.jpeg,-1
297.jpeg,-1
2524.jpeg,-1
2174.jpeg,-1
1975.jpeg,-1
940.jpeg,-1
1076.jpeg,-1
1426.jpeg,-1
413.jpeg,-1
106.jpeg,-1
1133.jpeg,-1
1099.jpeg,-1
556.jpeg,-1
1563.jpeg,-1
805.jpeg,-1
1830.jpeg,-1
385.jpeg,-1
2066.jpeg,-1
2436.jpeg,-1
2123.jpeg,-1
2573.jpeg,-1
2089.jpeg,-1
690.jpeg,-1
1148.jpeg,-1
487.jpeg,-1
1518.jpeg,-1
25.jpeg,-1
2334.jpeg,-1
2621.jpeg,-1
2271.jpeg,-1
891.jpeg,-1
192.jpeg,-1
468.jpeg,-1
2158.jpeg,-1
2508.jpeg,-1
1774.jpeg,-1
741.jpeg,-1
1324.jpeg,-1
311.jpeg,-1
604.jpeg,-1
1631.jpeg,-1
254.jpeg,-1
1261.jpeg,-1
72.jpeg,-1
2363.jpeg,-1
983.jpeg,-1
829.jpeg,-1
595.jpeg,-1
2226.jpeg,-1
2676.jpeg,-1
1959.jpeg,-1
1689.jpeg,-1
346.jpeg,-1
1373.jpeg,-1
716.jpeg,-1
1723.jpeg,-1
1236.jpeg,-1
203.jpeg,-1
1666.jpeg,-1
653.jpeg,-1
1109.jpeg,-1
1559.jpeg,-1
995.jpeg,-1
2375.jpeg,-1
64.jpeg,-1
2660.jpeg,-1
2230.jpeg,-1
583.jpeg,-1
429.jpeg,-1
2119.jpeg,-1
2549.jpeg,-1
1735.jpeg,-1
700.jpeg,-1
1365.jpeg,-1
350.jpeg,-1
645.jpeg,-1
1670.jpeg,-1
215.jpeg,-1
1220.jpeg,-1
2322.jpeg,-1
33.jpeg,-1
2288.jpeg,-1
868.jpeg,-1
491.jpeg,-1
184.jpeg,-1
887.jpeg,-1
2267.jpeg,-1
1918.jpeg,-1
2637.jpeg,-1
307.jpeg,-1
1332.jpeg,-1
757.jpeg,-1
1298.jpeg,-1
1762.jpeg,-1
1277.jpeg,-1
242.jpeg,-1
1627.jpeg,-1
612.jpeg,-1
665.jpeg,-1
1650.jpeg,-1
235.jpeg,-1
1200.jpeg,-1
2586.jpeg,-1
2139.jpeg,-1
2569.jpeg,-1
2093.jpeg,-1
1715.jpeg,-1
720.jpeg,-1
1345.jpeg,-1
370.jpeg,-1
2640.jpeg,-1
2210.jpeg,-1
1596.jpeg,-1
409.jpeg,-1
1129.jpeg,-1
1083.jpeg,-1
1579.jpeg,-1
1980.jpeg,-1
2355.jpeg,-1
44.jpeg,-1
2181.jpeg,-1
1257.jpeg,-1
798.jpeg,-1
262.jpeg,-1
1607.jpeg,-1
632.jpeg,-1
327.jpeg,-1
1312.jpeg,-1
777.jpeg,-1
1742.jpeg,-1
2494.jpeg,-1
1191.jpeg,-1
1892.jpeg,-1
2247.jpeg,-1
1938.jpeg,-1
2617.jpeg,-1
2302.jpeg,-1
13.jpeg,-1
848.jpeg,-1
1484.jpeg,-1
624.jpeg,-1
1611.jpeg,-1
274.jpeg,-1
1241.jpeg,-1
2197.jpeg,-1
2178.jpeg,-1
2482.jpeg,-1
2528.jpeg,-1
1754.jpeg,-1
761.jpeg,-1
1304.jpeg,-1
331.jpeg,-1
2601.jpeg,-1
2251.jpeg,-1
1884.jpeg,-1
448.jpeg,-1
1187.jpeg,-1
1492.jpeg,-1
1168.jpeg,-1
1538.jpeg,-1
2314.jpeg,-1
2590.jpeg,-1
1216.jpeg,-1
223.jpeg,-1
389.jpeg,-1
1646.jpeg,-1
673.jpeg,-1
366.jpeg,-1
1353.jpeg,-1
736.jpeg,-1
1703.jpeg,-1
2085.jpeg,-1
1580.jpeg,-1
2206.jpeg,-1
2656.jpeg,-1
1979.jpeg,-1
52.jpeg,-1
2343.jpeg,-1
1996.jpeg,-1
809.jpeg,-1
1095.jpeg,-1
1328.jpeg,-1
1282.jpeg,-1
1778.jpeg,-1
2504.jpeg,-1
2154.jpeg,-1
2441.jpeg,-1
2011.jpeg,-1
258.jpeg,-1
1797.jpeg,-1
608.jpeg,-1
29.jpeg,-1
2338.jpeg,-1
1847.jpeg,-1
2292.jpeg,-1
872.jpeg,-1
1514.jpeg,-1
521.jpeg,-1
1144.jpeg,-1
171.jpeg,-1
464.jpeg,-1
1451.jpeg,-1
1001.jpeg,-1
937.jpeg,-1
1902.jpeg,-1
2103.jpeg,-1
2553.jpeg,-1
1685.jpeg,-1
1390.jpeg,-1
2046.jpeg,-1
2416.jpeg,-1
126.jpeg,-1
1113.jpeg,-1
576.jpeg,-1
1543.jpeg,-1
825.jpeg,-1
1810.jpeg,-1
2695.jpeg,-1
1955.jpeg,-1
91.jpeg,-1
2380.jpeg,-1
960.jpeg,-1
599.jpeg,-1
1056.jpeg,-1
1406.jpeg,-1
433.jpeg,-1
1693.jpeg,-1
1369.jpeg,-1
1739.jpeg,-1
2545.jpeg,-1
2115.jpeg,-1
2400.jpeg,-1
2050.jpeg,-1
219.jpeg,-1
1386.jpeg,-1
649.jpeg,-1
2379.jpeg,-1
68.jpeg,-1
999.jpeg,-1
2683.jpeg,-1
1806.jpeg,-1
833.jpeg,-1
1555.jpeg,-1
560.jpeg,-1
1105.jpeg,-1
130.jpeg,-1
425.jpeg,-1
1410.jpeg,-1
1040.jpeg,-1
976.jpeg,-1
3.jpeg,-1
2396.jpeg,-1
87.jpeg,-1
1943.jpeg,-1
2142.jpeg,-1
2512.jpeg,-1
1294.jpeg,-1
1781.jpeg,-1
2007.jpeg,-1
2457.jpeg,-1
167.jpeg,-1
1152.jpeg,-1
537.jpeg,-1
1502.jpeg,-1
864.jpeg,-1
2284.jpeg,-1
1851.jpeg,-1
1914.jpeg,-1
921.jpeg,-1
1017.jpeg,-1
1447.jpeg,-1
188.jpeg,-1
472.jpeg,-1
